siteID,start_chrom,start_pos,stop_chrom,stop_pos,altSiteCount,refSiteCount,avgDepth,avgRefReads,avgAltReads,avgOtherReads
pseudo1:373968,pseudo1,373943,pseudo1,373992,1,49.0,314.04,313.36,0.08,0.0
pseudo1:660719,pseudo1,660694,pseudo1,660743,1,49.0,430.42,429.94,0.08,0.0
pseudo1:1619567,pseudo1,1619542,pseudo1,1619591,8,42.0,333.74,326.58,2.02,1.26
pseudo1:2146083,pseudo1,2145337,pseudo1,2146107,24,26.0,263.74,239.92,7.22,2.22
pseudo1:2146112,pseudo1,2146087,pseudo1,2146136,24,26.0,334.3,328.88,2.5,1.58
pseudo1:2146113,pseudo1,2146088,pseudo1,2146137,23,27.0,336.2,330.94,2.42,1.48
pseudo1:2146114,pseudo1,2146089,pseudo1,2146138,22,28.0,337.9,332.8,2.34,1.38
pseudo1:2146115,pseudo1,2146090,pseudo1,2146139,22,28.0,339.54,334.42,2.34,1.38
pseudo1:2146116,pseudo1,2146091,pseudo1,2146140,21,29.0,341.1,336.2,2.26,1.24
pseudo1:2146118,pseudo1,2146093,pseudo1,2146142,21,29.0,343.8,339.0,2.26,1.24
pseudo1:2529489,pseudo1,2529464,pseudo1,2529513,11,39.0,322.64,320.74,1.36,0.46
pseudo1:2753343,pseudo1,2753002,pseudo1,2753367,19,31.0,238.24,231.7,2.24,2.08
pseudo1:2753344,pseudo1,2753003,pseudo1,2753368,19,31.0,239.36,232.82,2.24,2.08
pseudo1:2753345,pseudo1,2753320,pseudo1,2753369,19,31.0,240.58,234.04,2.24,2.08
pseudo1:2753346,pseudo1,2753321,pseudo1,2753370,18,32.0,242.54,236.4,2.08,1.98
pseudo1:2753348,pseudo1,2753323,pseudo1,2753372,19,31.0,246.02,239.86,2.2,2.14
pseudo1:2753349,pseudo1,2753324,pseudo1,2753373,19,31.0,247.76,241.74,2.2,2.14
pseudo1:2996389,pseudo1,2996364,pseudo1,2996413,1,49.0,359.4,359.08,0.08,0.0
pseudo1:4497761,pseudo1,4497736,pseudo1,4497785,15,35.0,297.72,289.0,3.28,2.16
pseudo1:4497765,pseudo1,4497740,pseudo1,4497789,19,31.0,296.92,276.36,12.26,3.7
pseudo1:4781252,pseudo1,4781227,pseudo1,4781276,1,49.0,306.34,306.22,0.06,0.02
pseudo1:5620466,pseudo1,5619911,pseudo1,5620490,3,47.0,437.6,430.6,2.4,0.1
pseudo1:6184427,pseudo1,6184402,pseudo1,6184451,1,49.0,299.26,294.74,0.1,0.2
pseudo1:8191221,pseudo1,8191196,pseudo1,8191245,2,48.0,359.34,357.32,0.42,0.02
pseudo2:134056,pseudo2,134031,pseudo2,134080,1,49.0,317.46,317.3,0.16,0.0
pseudo2:221032,pseudo2,220670,pseudo2,221056,14,36.0,257.82,248.34,2.42,1.2
pseudo2:221040,pseudo2,220678,pseudo2,221064,16,34.0,261.4,251.18,2.86,1.66
pseudo2:221045,pseudo2,220683,pseudo2,221069,16,34.0,266.72,256.46,2.86,1.66
pseudo2:873257,pseudo2,873232,pseudo2,873281,6,44.0,248.14,247.32,0.54,0.08
pseudo2:873259,pseudo2,873234,pseudo2,873283,6,44.0,250.78,250.0,0.54,0.08
pseudo2:1190776,pseudo2,1190751,pseudo2,1190800,1,49.0,269.7,269.34,0.08,0.0
pseudo2:1673278,pseudo2,1672832,pseudo2,1673302,13,37.0,220.5,213.12,2.32,2.96
pseudo2:1673292,pseudo2,1672846,pseudo2,1673316,13,37.0,239.86,231.92,2.32,2.96
pseudo2:1673297,pseudo2,1672851,pseudo2,1673321,13,37.0,250.8,242.78,2.32,2.96
pseudo2:2700011,pseudo2,2699986,pseudo2,2700035,1,49.0,315.02,314.9,0.08,0.0
pseudo2:4333380,pseudo2,4332625,pseudo2,4333404,17,33.0,263.34,257.52,1.74,1.12
pseudo2:4333382,pseudo2,4332627,pseudo2,4333406,19,31.0,269.94,263.78,1.92,1.26
pseudo2:4333399,pseudo2,4333374,pseudo2,4333423,35,15.0,331.76,324.28,3.32,2.66
pseudo2:4333404,pseudo2,4333379,pseudo2,4333428,36,14.0,339.68,332.94,3.4,2.74
pseudo2:4333413,pseudo2,4333388,pseudo2,4333437,35,15.0,351.58,345.36,3.4,2.8
pseudo2:5098815,pseudo2,5098790,pseudo2,5098839,3,47.0,381.62,380.62,0.58,0.1
pseudo2:5098830,pseudo2,5098805,pseudo2,5098854,4,46.0,379.26,378.1,0.8,0.12
pseudo2:5098839,pseudo2,5098814,pseudo2,5098863,4,46.0,375.76,374.58,0.8,0.12
pseudo2:5098848,pseudo2,5098823,pseudo2,5098872,4,46.0,369.32,367.76,0.8,0.12
pseudo2:5098869,pseudo2,5098844,pseudo2,5098893,4,46.0,359.68,357.78,0.7,0.08
pseudo2:5098881,pseudo2,5098856,pseudo2,5098905,5,45.0,356.44,354.36,0.84,0.12
pseudo2:5098892,pseudo2,5098867,pseudo2,5098916,5,45.0,356.46,354.58,0.84,0.12
pseudo2:5098896,pseudo2,5098871,pseudo2,5098920,4,46.0,356.88,355.04,0.68,0.1
pseudo2:5098899,pseudo2,5098874,pseudo2,5098923,4,46.0,357.06,355.26,0.68,0.1
pseudo2:6713301,pseudo2,6712528,pseudo2,6713325,5,45.0,226.14,220.38,2.16,0.5
pseudo2:8188841,pseudo2,8188816,pseudo2,8188865,1,49.0,380.62,380.44,0.14,0.0
pseudo3:2504028,pseudo3,2504003,pseudo3,2505804,9,41.0,200.14,192.62,2.92,2.46
pseudo3:2834861,pseudo3,2834836,pseudo3,2834885,1,49.0,392.16,392.04,0.1,0.0
pseudo3:2884320,pseudo3,2884295,pseudo3,2884344,5,45.0,189.44,186.18,0.58,0.2
pseudo3:2981191,pseudo3,2980616,pseudo3,2981215,20,30.0,217.56,215.86,0.86,0.46
pseudo3:2981201,pseudo3,2980626,pseudo3,2981225,22,28.0,247.78,245.88,0.98,0.5
pseudo3:3400826,pseudo3,3400781,pseudo3,3400850,30,20.0,249.54,217.92,4.4,1.24
pseudo3:3400827,pseudo3,3400782,pseudo3,3400851,30,20.0,250.34,219.48,4.12,1.14
pseudo3:3400835,pseudo3,3400790,pseudo3,3400859,33,17.0,255.72,228.72,3.56,1.08
pseudo3:3400836,pseudo3,3400791,pseudo3,3400860,34,16.0,256.4,230.26,3.66,1.12
pseudo3:3400837,pseudo3,3400792,pseudo3,3400861,34,16.0,257.14,232.0,3.66,1.12
pseudo3:3400838,pseudo3,3400793,pseudo3,3400862,35,15.0,257.76,233.54,3.74,1.12
pseudo3:3400840,pseudo3,3400795,pseudo3,3400864,35,15.0,259.06,236.88,3.74,1.12
pseudo3:3400856,pseudo3,3400831,pseudo3,3400880,34,16.0,263.14,253.58,3.58,1.06
pseudo3:3400857,pseudo3,3400832,pseudo3,3400881,34,16.0,263.4,254.52,3.6,1.08
pseudo3:3400858,pseudo3,3400833,pseudo3,3400882,34,16.0,263.66,255.58,3.6,1.04
pseudo3:3400860,pseudo3,3400835,pseudo3,3400884,34,16.0,263.76,257.14,3.6,0.98
pseudo3:3400862,pseudo3,3400837,pseudo3,3400886,32,18.0,263.34,257.36,3.4,0.94
pseudo3:3400869,pseudo3,3400844,pseudo3,3400893,32,18.0,261.9,257.04,3.28,0.84
pseudo3:3400870,pseudo3,3400845,pseudo3,3400894,31,19.0,261.74,257.14,3.18,0.74
pseudo3:3400871,pseudo3,3400846,pseudo3,3400895,30,20.0,261.54,257.16,3.04,0.72
pseudo3:3400872,pseudo3,3400847,pseudo3,3400896,30,20.0,261.3,257.02,3.04,0.72
pseudo3:3400883,pseudo3,3400858,pseudo3,3400907,21,29.0,261.1,258.62,2.08,0.4
pseudo3:3400887,pseudo3,3400862,pseudo3,3400911,19,31.0,262.52,260.32,1.9,0.3
pseudo3:3400888,pseudo3,3400863,pseudo3,3400912,18,32.0,263.0,260.88,1.82,0.3
pseudo3:3400890,pseudo3,3400865,pseudo3,3400914,18,32.0,263.96,261.84,1.82,0.3
pseudo3:3400891,pseudo3,3400866,pseudo3,3400915,18,32.0,264.34,262.22,1.82,0.3
pseudo3:3400893,pseudo3,3400868,pseudo3,3400917,17,33.0,265.12,263.14,1.68,0.3
pseudo3:3899327,pseudo3,3899302,pseudo3,3899351,3,47.0,335.62,235.08,0.72,0.1
pseudo3:7439670,pseudo3,7438474,pseudo3,7439694,5,45.0,249.16,223.78,0.44,0.2
pseudo4:593431,pseudo4,593406,pseudo4,593455,2,48.0,223.34,220.84,2.44,0.0
pseudo4:1601607,pseudo4,1601582,pseudo4,1601631,4,46.0,347.44,328.58,11.08,0.04
pseudo4:2152498,pseudo4,2152473,pseudo4,2152522,12,38.0,385.7,325.1,3.24,0.42
pseudo4:4191730,pseudo4,4190583,pseudo4,4191754,13,37.0,211.5,208.74,0.98,0.76
pseudo4:4191740,pseudo4,4191715,pseudo4,4191764,15,35.0,251.34,247.8,1.58,1.08
pseudo4:4191751,pseudo4,4191726,pseudo4,4191775,14,36.0,283.96,281.12,1.52,1.06
pseudo4:4191755,pseudo4,4191730,pseudo4,4191779,14,36.0,294.52,291.84,1.52,1.06
pseudo4:5050087,pseudo4,5050062,pseudo4,5050111,1,49.0,300.7,300.58,0.12,0.0
pseudo4:6043767,pseudo4,6043742,pseudo4,6043791,1,49.0,374.8,374.7,0.08,0.02
pseudo4:6169197,pseudo4,6169172,pseudo4,6169221,10,40.0,300.34,298.62,0.88,0.44
pseudo4:6190095,pseudo4,6190070,pseudo4,6190119,17,33.0,343.26,338.12,1.98,1.24
pseudo4:6190096,pseudo4,6190071,pseudo4,6190120,17,33.0,345.48,340.38,1.98,1.24
pseudo4:6190097,pseudo4,6190072,pseudo4,6190121,17,33.0,347.68,342.62,1.98,1.24
pseudo4:6190098,pseudo4,6190073,pseudo4,6190122,17,33.0,349.8,344.86,1.98,1.24
pseudo4:6190099,pseudo4,6190074,pseudo4,6190123,17,33.0,351.82,346.98,1.98,1.24
pseudo4:6190103,pseudo4,6190078,pseudo4,6190127,15,35.0,359.02,354.56,1.76,1.1
pseudo4:6303080,pseudo4,6302350,pseudo4,6303104,17,33.0,236.18,226.7,3.62,0.64
pseudo4:6303085,pseudo4,6303060,pseudo4,6303109,19,31.0,262.7,252.38,3.86,0.8
pseudo4:6543912,pseudo4,6543887,pseudo4,6543936,7,43.0,255.32,253.36,1.0,0.6
pseudo4:7453819,pseudo4,7453794,pseudo4,7453843,16,34.0,222.58,219.5,1.64,0.48
pseudo4:7453820,pseudo4,7453795,pseudo4,7453844,15,35.0,226.46,224.1,1.4,0.2
pseudo4:7817900,pseudo4,7817875,pseudo4,7817924,7,43.0,282.7,282.02,0.34,0.26
pseudo5:1450555,pseudo5,1450530,pseudo5,1450579,15,35.0,320.1,310.14,2.78,1.2
pseudo5:1882236,pseudo5,1882211,pseudo5,1882260,1,49.0,274.04,273.36,0.06,0.02
pseudo5:2054266,pseudo5,2054241,pseudo5,2054290,1,49.0,264.18,264.1,0.06,0.02
pseudo5:4771049,pseudo5,4771024,pseudo5,4771073,1,49.0,316.5,316.38,0.12,0.0
pseudo5:4787553,pseudo5,4787528,pseudo5,4787577,1,49.0,299.18,299.12,0.06,0.0
pseudo5:4830144,pseudo5,4830119,pseudo5,4833122,6,44.0,475.28,451.28,13.3,0.12
pseudo5:5408493,pseudo5,5408468,pseudo5,5408517,9,41.0,196.04,194.68,0.82,0.44
pseudo5:5408496,pseudo5,5408471,pseudo5,5408520,9,41.0,202.16,200.8,0.82,0.44
pseudo5:5807116,pseudo5,5807091,pseudo5,5807140,1,49.0,216.78,216.64,0.12,0.02
pseudo5:5961706,pseudo5,5961681,pseudo5,5961730,1,49.0,293.74,293.66,0.06,0.0
pseudo5:6028747,pseudo5,6028722,pseudo5,6028771,34,16.0,189.86,186.14,2.2,1.1
pseudo5:6028753,pseudo5,6028728,pseudo5,6028777,34,16.0,204.82,201.14,2.12,1.16
pseudo5:6028760,pseudo5,6028735,pseudo5,6028784,35,15.0,219.9,216.14,2.2,1.26
pseudo5:6028762,pseudo5,6028737,pseudo5,6028786,34,16.0,223.36,219.76,2.1,1.24
pseudo5:6028763,pseudo5,6028738,pseudo5,6028787,34,16.0,225.08,221.5,2.1,1.24
pseudo5:6028765,pseudo5,6028740,pseudo5,6028789,32,18.0,228.32,224.88,2.02,1.22
pseudo5:6028766,pseudo5,6028741,pseudo5,6028790,31,19.0,229.82,226.5,1.96,1.18
pseudo5:6028768,pseudo5,6028743,pseudo5,6028792,29,21.0,232.72,229.66,1.8,1.12
pseudo5:6028770,pseudo5,6028745,pseudo5,6028794,27,23.0,235.46,232.64,1.66,1.06
pseudo5:6028775,pseudo5,6028750,pseudo5,6028799,25,25.0,242.34,239.9,1.54,0.9
pseudo5:6028776,pseudo5,6028751,pseudo5,6028800,24,26.0,243.62,241.26,1.5,0.84
pseudo5:6028781,pseudo5,6028756,pseudo5,6028805,21,29.0,249.9,247.84,1.32,0.72
pseudo5:6028783,pseudo5,6028758,pseudo5,6028807,21,29.0,252.26,250.2,1.32,0.72
pseudo5:6028784,pseudo5,6028759,pseudo5,6028808,21,29.0,253.38,251.32,1.32,0.72
pseudo6:345245,pseudo6,344751,pseudo6,345269,15,35.0,230.74,224.56,1.8,1.36
pseudo6:345265,pseudo6,344771,pseudo6,345289,25,25.0,260.56,251.7,3.62,2.22
pseudo6:764530,pseudo6,764505,pseudo6,764554,1,49.0,242.08,242.0,0.06,0.0
pseudo6:928262,pseudo6,928237,pseudo6,928286,1,49.0,417.7,417.62,0.08,0.0
pseudo6:1503610,pseudo6,1503585,pseudo6,1503634,1,49.0,266.8,261.12,0.28,0.02
pseudo6:1783287,pseudo6,1783090,pseudo6,1783311,7,43.0,195.94,195.4,0.44,0.1
pseudo6:3769123,pseudo6,3769098,pseudo6,3769147,9,41.0,188.86,187.96,0.54,0.24
pseudo6:4500046,pseudo6,4500021,pseudo6,4500070,1,49.0,412.74,412.48,0.06,0.02
pseudo6:5403025,pseudo6,5403000,pseudo6,5403049,6,44.0,267.82,264.48,3.34,0.0
pseudo6:5403026,pseudo6,5403001,pseudo6,5403050,6,44.0,267.96,264.62,3.34,0.0
pseudo7:497957,pseudo7,497932,pseudo7,497981,4,46.0,275.56,274.8,0.34,0.08
pseudo7:2029418,pseudo7,2029393,pseudo7,2029442,1,49.0,203.68,203.16,0.1,0.04
pseudo7:2186316,pseudo7,2186291,pseudo7,2186340,1,49.0,331.92,331.54,0.08,0.02
pseudo7:2246670,pseudo7,2246645,pseudo7,2246694,1,49.0,292.86,292.4,0.1,0.0
pseudo7:2650532,pseudo7,2650507,pseudo7,2650556,1,49.0,346.18,346.12,0.06,0.0
pseudo7:4005563,pseudo7,4005538,pseudo7,4005587,1,49.0,298.2,298.1,0.1,0.0
pseudo7:4026232,pseudo7,4026207,pseudo7,4026256,1,49.0,341.68,341.62,0.06,0.0
pseudo7:4215682,pseudo7,4215657,pseudo7,4215706,12,38.0,254.34,253.1,0.86,0.38
pseudo7:4215685,pseudo7,4215660,pseudo7,4215709,11,39.0,254.72,253.6,0.8,0.32
pseudo7:4215688,pseudo7,4215663,pseudo7,4215712,10,40.0,254.72,253.7,0.72,0.3
pseudo7:4746266,pseudo7,4746241,pseudo7,4746290,1,49.0,240.64,240.4,0.06,0.0
pseudo7:4773097,pseudo7,4772529,pseudo7,4773121,19,31.0,324.64,317.16,2.0,1.64
pseudo7:5569248,pseudo7,5569223,pseudo7,5569272,12,38.0,246.9,244.46,1.2,0.82
pseudo8:733255,pseudo8,733230,pseudo8,733279,1,49.0,377.48,377.0,0.08,0.0
pseudo8:754958,pseudo8,754933,pseudo8,754982,1,49.0,256.28,253.9,0.08,0.0
pseudo8:1087511,pseudo8,1087486,pseudo8,1087535,3,47.0,348.54,342.22,3.46,0.88
pseudo8:2159101,pseudo8,2159076,pseudo8,2159125,1,49.0,260.5,260.42,0.08,0.0
pseudo8:4235279,pseudo8,4235254,pseudo8,4235303,6,44.0,339.34,338.42,0.46,0.46
pseudo8:4612432,pseudo8,4612407,pseudo8,4612456,3,47.0,324.38,315.04,4.9,0.34
pseudo8:4757894,pseudo8,4757869,pseudo8,4757918,1,49.0,265.94,263.84,0.08,0.04
pseudo9:35680,pseudo9,35655,pseudo9,35704,1,49.0,280.76,280.66,0.08,0.02
pseudo9:546532,pseudo9,546507,pseudo9,546556,21,29.0,199.02,192.64,3.08,2.58
pseudo9:546538,pseudo9,546513,pseudo9,546562,18,32.0,206.54,201.14,2.58,2.16
pseudo9:562379,pseudo9,562252,pseudo9,562403,11,39.0,379.36,377.3,0.66,0.28
pseudo9:562394,pseudo9,562369,pseudo9,562418,10,40.0,411.82,410.78,0.62,0.24
pseudo9:2321630,pseudo9,2320065,pseudo9,2321654,9,41.0,218.34,214.86,1.26,0.42
pseudo9:2325731,pseudo9,2325198,pseudo9,2325755,23,27.0,253.94,237.12,4.78,2.66
pseudo9:2325735,pseudo9,2325202,pseudo9,2325759,27,23.0,258.52,239.2,6.52,3.42
pseudo9:2562083,pseudo9,2561496,pseudo9,2562107,4,46.0,185.46,177.48,2.26,3.22
pseudo9:2852696,pseudo9,2852671,pseudo9,2852720,1,49.0,391.64,391.56,0.06,0.02
pseudo9:3973175,pseudo9,3973150,pseudo9,3975216,5,45.0,160.12,152.62,1.02,0.02
pseudo9:4849352,pseudo9,4849327,pseudo9,4849376,1,49.0,252.46,252.3,0.06,0.0
pseudo10:757847,pseudo10,757658,pseudo10,757871,26,24.0,213.02,209.36,2.14,0.28
pseudo10:757848,pseudo10,757823,pseudo10,757872,27,23.0,216.96,213.48,2.24,0.28
pseudo10:757850,pseudo10,757825,pseudo10,757874,27,23.0,224.8,221.48,2.24,0.28
pseudo10:757852,pseudo10,757827,pseudo10,757876,27,23.0,232.86,229.7,2.24,0.28
pseudo10:757856,pseudo10,757831,pseudo10,757880,27,23.0,249.48,246.58,2.24,0.28
pseudo10:757857,pseudo10,757832,pseudo10,757881,27,23.0,253.74,250.9,2.24,0.28
pseudo10:757858,pseudo10,757833,pseudo10,757882,28,22.0,257.9,254.96,2.34,0.34
pseudo10:757859,pseudo10,757834,pseudo10,757883,28,22.0,262.1,259.22,2.34,0.34
pseudo10:757860,pseudo10,757835,pseudo10,757884,28,22.0,266.36,263.56,2.34,0.34
pseudo10:757861,pseudo10,757836,pseudo10,757885,27,23.0,270.52,267.8,2.26,0.34
pseudo10:757862,pseudo10,757837,pseudo10,757886,26,24.0,274.66,272.02,2.18,0.34
pseudo10:757863,pseudo10,757838,pseudo10,757887,25,25.0,278.7,276.14,2.1,0.32
pseudo10:1026229,pseudo10,1025748,pseudo10,1026253,7,43.0,350.2,308.64,3.62,0.78
pseudo10:1408882,pseudo10,1408857,pseudo10,1408906,16,34.0,203.38,201.6,1.2,0.52
pseudo10:1466793,pseudo10,1463854,pseudo10,1466817,18,32.0,199.44,193.16,3.94,0.56
pseudo10:1466795,pseudo10,1463856,pseudo10,1466819,19,31.0,203.34,196.92,4.04,0.56
pseudo10:1466796,pseudo10,1463857,pseudo10,1466820,19,31.0,205.56,199.12,4.04,0.56
pseudo10:1466798,pseudo10,1463859,pseudo10,1466822,19,31.0,210.54,204.06,4.04,0.56
pseudo10:1466801,pseudo10,1463862,pseudo10,1466825,20,30.0,219.18,212.6,4.1,0.6
pseudo10:1637043,pseudo10,1637018,pseudo10,1637067,1,49.0,398.14,398.04,0.1,0.0
pseudo10:2156682,pseudo10,2156657,pseudo10,2156706,10,40.0,281.92,277.7,3.16,0.3
pseudo10:2390432,pseudo10,2390407,pseudo10,2390456,2,48.0,280.02,274.7,2.76,0.0
pseudo10:2470549,pseudo10,2469771,pseudo10,2470573,2,48.0,270.36,269.44,0.78,0.08
pseudo10:2846406,pseudo10,2845965,pseudo10,2846430,22,28.0,284.86,264.46,4.54,4.28
pseudo10:2917244,pseudo10,2917219,pseudo10,2917268,1,49.0,500.96,487.6,0.12,0.0
pseudo10:3780591,pseudo10,3780566,pseudo10,3780615,1,49.0,261.06,260.72,0.06,0.02
pseudo10:3816748,pseudo10,3816723,pseudo10,3816772,1,49.0,319.36,319.3,0.06,0.0
pseudo10:3945928,pseudo10,3945903,pseudo10,3945952,1,49.0,387.3,379.08,0.2,0.0
pseudo10:4351509,pseudo10,4351484,pseudo10,4351533,1,49.0,309.78,309.26,0.06,0.02
pseudo11:976822,pseudo11,976797,pseudo11,976846,3,47.0,222.06,215.48,1.92,0.04
pseudo11:1283500,pseudo11,1283475,pseudo11,1283524,1,49.0,331.14,330.9,0.12,0.0
pseudo11:1812960,pseudo11,1812110,pseudo11,1812984,17,33.0,217.42,203.92,4.32,2.9
pseudo11:2071454,pseudo11,2071429,pseudo11,2071478,1,49.0,264.46,264.38,0.08,0.0
pseudo11:2621784,pseudo11,2621759,pseudo11,2621808,1,49.0,310.0,309.82,0.12,0.0
pseudo11:2856301,pseudo11,2855998,pseudo11,2856325,11,39.0,262.42,259.08,1.14,0.12
pseudo11:2856306,pseudo11,2856281,pseudo11,2856330,12,38.0,272.16,268.86,1.24,0.18
pseudo11:2856312,pseudo11,2856287,pseudo11,2856336,12,38.0,287.24,284.7,1.24,0.18
pseudo11:2856319,pseudo11,2856294,pseudo11,2856343,12,38.0,300.94,299.02,1.24,0.18
pseudo11:3183331,pseudo11,3183306,pseudo11,3183355,1,49.0,353.06,352.96,0.08,0.0
pseudo12:815981,pseudo12,815956,pseudo12,816005,1,49.0,284.64,284.48,0.12,0.0
pseudo12:840586,pseudo12,840561,pseudo12,840610,3,47.0,385.46,381.22,4.16,0.06
pseudo12:854308,pseudo12,854283,pseudo12,854332,7,43.0,274.54,271.06,0.58,0.34
pseudo12:854314,pseudo12,854289,pseudo12,854338,7,43.0,292.64,290.22,0.58,0.34
pseudo12:1005406,pseudo12,1005381,pseudo12,1005430,10,40.0,231.14,229.88,0.62,0.58
pseudo12:1005420,pseudo12,1005395,pseudo12,1005444,8,42.0,250.72,249.42,0.48,0.46
pseudo12:1005422,pseudo12,1005397,pseudo12,1005446,8,42.0,252.82,251.48,0.48,0.46
pseudo12:1366331,pseudo12,1366306,pseudo12,1366355,1,49.0,302.04,301.92,0.1,0.0
pseudo12:2320559,pseudo12,2320534,pseudo12,2320583,2,48.0,230.1,227.76,2.04,0.0
pseudo12:3938878,pseudo12,3938853,pseudo12,3938902,1,49.0,312.28,312.18,0.06,0.02
pseudo13:31353,pseudo13,31328,pseudo13,31377,7,43.0,284.88,282.84,0.78,0.46
pseudo13:2218011,pseudo13,2217986,pseudo13,2218035,2,48.0,296.62,290.6,6.02,0.0
pseudo13:4053931,pseudo13,4053212,pseudo13,4053955,10,40.0,254.18,251.1,0.66,0.4
pseudo13:4235563,pseudo13,4235538,pseudo13,4235587,1,49.0,358.06,358.0,0.06,0.0
pseudo14:763399,pseudo14,763374,pseudo14,763423,1,49.0,302.6,302.48,0.08,0.0
pseudo14:2038655,pseudo14,2038630,pseudo14,2038679,32,18.0,984.18,689.94,27.66,28.52
pseudo14:2078019,pseudo14,2077994,pseudo14,2078043,1,49.0,380.5,380.3,0.16,0.02
pseudo14:3402630,pseudo14,3402605,pseudo14,3402654,3,47.0,403.08,300.24,0.34,0.06
pseudo14:3577885,pseudo14,3577860,pseudo14,3577909,1,49.0,269.94,269.66,0.06,0.0
pseudo14:3589585,pseudo14,3589560,pseudo14,3589609,20,30.0,220.72,217.58,1.74,0.46
pseudo14:3733531,pseudo14,3733506,pseudo14,3733555,1,49.0,261.56,261.5,0.06,0.0
pseudo14:4036241,pseudo14,4034126,pseudo14,4036265,5,45.0,246.34,238.5,6.48,0.46
pseudo15:581839,pseudo15,581814,pseudo15,581863,1,49.0,305.34,304.76,0.2,0.0
pseudo15:703072,pseudo15,703047,pseudo15,703096,1,49.0,208.82,208.74,0.06,0.0
pseudo15:961273,pseudo15,961248,pseudo15,961297,1,49.0,275.18,275.08,0.08,0.02
pseudo15:2728447,pseudo15,2728422,pseudo15,2728471,1,49.0,300.36,298.34,0.1,0.0
pseudo15:2776557,pseudo15,2776532,pseudo15,2776581,1,49.0,241.44,240.64,0.1,0.0
pseudo15:3138824,pseudo15,3138799,pseudo15,3138848,21,29.0,236.78,233.06,2.24,1.28
pseudo15:3168496,pseudo15,3168471,pseudo15,3168520,1,49.0,314.16,314.02,0.08,0.0
pseudo16:497518,pseudo16,497493,pseudo16,497542,1,49.0,364.44,363.98,0.26,0.04
pseudo16:1942834,pseudo16,1942071,pseudo16,1942858,8,42.0,318.94,312.4,1.06,0.5
pseudo16:2500592,pseudo16,2498739,pseudo16,2500616,15,35.0,342.4,326.84,7.44,0.62
pseudo16:2500593,pseudo16,2498740,pseudo16,2500617,16,34.0,347.92,332.2,7.52,0.7
pseudo16:2500601,pseudo16,2500576,pseudo16,2500625,19,31.0,396.38,374.9,14.3,0.92
pseudo16:2500602,pseudo16,2500577,pseudo16,2500626,19,31.0,401.6,380.3,14.3,0.92
pseudo17:111714,pseudo17,111689,pseudo17,111738,21,29.0,267.44,258.98,7.44,0.48
pseudo17:111715,pseudo17,111690,pseudo17,111739,21,29.0,269.12,260.72,7.44,0.48
pseudo17:111716,pseudo17,111691,pseudo17,111740,21,29.0,270.84,262.5,7.44,0.48
pseudo17:111717,pseudo17,111692,pseudo17,111741,21,29.0,272.4,264.12,7.44,0.48
pseudo17:111718,pseudo17,111693,pseudo17,111742,21,29.0,273.9,265.68,7.44,0.48
pseudo17:111719,pseudo17,111694,pseudo17,111743,21,29.0,275.36,267.2,7.44,0.48
pseudo17:111721,pseudo17,111696,pseudo17,111745,19,31.0,278.16,270.2,7.32,0.38
pseudo17:111722,pseudo17,111697,pseudo17,111746,18,32.0,279.4,271.54,7.22,0.38
pseudo17:589947,pseudo17,589922,pseudo17,589971,1,49.0,311.7,311.6,0.08,0.0
pseudo17:1683124,pseudo17,1683099,pseudo17,1683148,8,42.0,291.16,287.56,1.04,0.46
pseudo17:1683137,pseudo17,1683112,pseudo17,1683161,8,42.0,313.38,310.74,1.0,0.46
pseudo17:2416785,pseudo17,2416760,pseudo17,2416809,1,49.0,349.62,349.46,0.08,0.06
pseudo18:35952,pseudo18,35927,pseudo18,35976,1,49.0,244.18,244.12,0.06,0.0
pseudo18:1003705,pseudo18,1003680,pseudo18,1003729,1,49.0,365.44,364.7,0.14,0.0
pseudo18:2030995,pseudo18,2030615,pseudo18,2031019,1,49.0,200.02,198.72,0.2,0.14
pseudo19:194548,pseudo19,194523,pseudo19,194572,1,49.0,368.2,368.04,0.16,0.0
pseudo19:417923,pseudo19,413578,pseudo19,417947,14,36.0,195.9,188.28,1.52,1.08
pseudo19:417926,pseudo19,413581,pseudo19,417950,14,36.0,202.78,196.36,1.52,1.08
pseudo19:417930,pseudo19,417905,pseudo19,417954,14,36.0,211.9,206.6,1.52,1.08
pseudo19:417942,pseudo19,417917,pseudo19,417966,21,29.0,237.32,232.94,2.16,1.36
pseudo19:417958,pseudo19,417933,pseudo19,417982,17,33.0,263.12,260.3,1.68,0.98
pseudo19:417963,pseudo19,417938,pseudo19,417987,14,36.0,268.54,266.3,1.32,0.72
pseudo19:417964,pseudo19,417939,pseudo19,417988,14,36.0,269.64,267.4,1.32,0.72
pseudo19:733395,pseudo19,733370,pseudo19,733419,20,30.0,322.76,316.66,2.98,1.42
pseudo19:1852195,pseudo19,1852170,pseudo19,1852219,6,44.0,217.3,216.66,0.54,0.1
pseudo19:1852197,pseudo19,1852172,pseudo19,1852221,6,44.0,218.4,217.76,0.54,0.1
pseudo19:1996872,pseudo19,1996322,pseudo19,1996896,4,46.0,472.62,463.08,3.54,0.12
pseudo19:2142113,pseudo19,2142088,pseudo19,2142137,1,49.0,324.76,323.18,0.14,0.08
pseudo19:2573135,pseudo19,2573110,pseudo19,2573159,1,49.0,255.0,254.34,0.06,0.02
pseudo19:2638045,pseudo19,2638020,pseudo19,2638069,1,49.0,370.32,370.14,0.08,0.0
pseudo19:2793533,pseudo19,2793508,pseudo19,2793557,1,49.0,309.04,308.94,0.1,0.0
pseudo20:1530839,pseudo20,1530496,pseudo20,1530863,17,33.0,228.84,223.96,1.54,0.98
pseudo20:1530846,pseudo20,1530503,pseudo20,1530870,21,29.0,247.46,241.9,1.86,1.22
pseudo20:1530856,pseudo20,1530831,pseudo20,1530880,25,25.0,273.4,268.04,2.24,1.42
pseudo20:1530897,pseudo20,1530872,pseudo20,1530921,7,43.0,319.84,318.88,0.62,0.34
pseudo20:1530901,pseudo20,1530876,pseudo20,1530925,5,45.0,320.22,319.54,0.46,0.22
pseudo20:1590272,pseudo20,1590247,pseudo20,1590296,28,22.0,335.1,318.66,9.36,4.44
pseudo20:1590284,pseudo20,1590259,pseudo20,1590308,26,24.0,349.0,333.64,8.96,4.42
pseudo20:1590294,pseudo20,1590269,pseudo20,1590318,20,30.0,353.5,336.58,6.68,3.58
pseudo20:1707328,pseudo20,1707303,pseudo20,1707352,1,49.0,265.88,265.76,0.06,0.0
pseudo20:2630093,pseudo20,2630068,pseudo20,2630117,11,39.0,299.06,297.12,1.12,0.62
pseudo20:2930923,pseudo20,2930105,pseudo20,2930947,8,42.0,200.42,189.9,1.58,0.78
pseudo21:861826,pseudo21,861801,pseudo21,861850,1,49.0,367.98,367.72,0.1,0.0
pseudo21:1980310,pseudo21,1980285,pseudo21,1980334,1,49.0,339.5,339.34,0.06,0.02
pseudo21:2378903,pseudo21,2378878,pseudo21,2378927,2,48.0,268.14,263.44,0.16,0.0
pseudo21:2791987,pseudo21,2791962,pseudo21,2792011,1,49.0,361.9,361.68,0.22,0.0
pseudo22:523543,pseudo22,523518,pseudo22,523567,1,49.0,374.46,374.38,0.08,0.0
pseudo22:2094788,pseudo22,2094763,pseudo22,2094812,4,46.0,413.8,398.72,9.48,2.32
pseudo22:2626253,pseudo22,2626228,pseudo22,2626277,2,48.0,192.06,191.02,0.96,0.08
pseudo22:2704663,pseudo22,2704638,pseudo22,2704687,1,49.0,255.0,254.94,0.06,0.0
pseudo23:130365,pseudo23,129281,pseudo23,130389,4,46.0,357.78,346.42,2.46,0.12
pseudo23:130366,pseudo23,129282,pseudo23,130390,4,46.0,365.26,353.9,2.46,0.12
pseudo23:345692,pseudo23,345667,pseudo23,347427,5,45.0,231.04,220.66,3.98,0.7
pseudo23:852941,pseudo23,852916,pseudo23,852965,1,49.0,265.58,264.98,0.06,0.18
pseudo23:967034,pseudo23,967009,pseudo23,967058,23,27.0,211.84,203.14,2.86,1.22
pseudo23:967062,pseudo23,967037,pseudo23,967086,29,21.0,260.82,254.44,3.94,2.4
pseudo23:967071,pseudo23,967046,pseudo23,967095,22,28.0,266.32,261.4,3.08,1.84
pseudo24:254651,pseudo24,254626,pseudo24,254675,1,49.0,321.68,321.48,0.12,0.06
pseudo24:421026,pseudo24,419256,pseudo24,421050,4,46.0,323.44,311.64,0.52,0.44
pseudo24:1186853,pseudo24,1186828,pseudo24,1186877,1,49.0,318.46,318.26,0.08,0.0
pseudo24:1878254,pseudo24,1878229,pseudo24,1878278,1,49.0,240.36,240.2,0.06,0.0
pseudo25:388071,pseudo25,388046,pseudo25,388095,1,49.0,366.66,366.6,0.06,0.0
pseudo26:1247269,pseudo26,1247244,pseudo26,1247293,1,49.0,393.56,393.44,0.06,0.04
pseudo26:1408289,pseudo26,1408264,pseudo26,1408313,7,43.0,377.8,373.52,2.38,0.24
pseudo27:490207,pseudo27,490182,pseudo27,490231,12,38.0,371.6,366.56,2.18,1.72
pseudo27:490210,pseudo27,490185,pseudo27,490234,12,38.0,376.92,371.82,2.18,1.72
pseudo28:251780,pseudo28,251755,pseudo28,251804,37,13.0,201.2,198.38,2.54,0.28
pseudo28:251781,pseudo28,251756,pseudo28,251805,36,14.0,202.24,199.5,2.46,0.28
pseudo28:251782,pseudo28,251757,pseudo28,251806,36,14.0,203.26,200.52,2.46,0.28
pseudo28:251783,pseudo28,251758,pseudo28,251807,35,15.0,204.2,201.54,2.38,0.28
pseudo28:251784,pseudo28,251759,pseudo28,251808,36,14.0,205.16,202.44,2.44,0.28
pseudo28:251785,pseudo28,251760,pseudo28,251809,35,15.0,206.04,203.38,2.38,0.28
pseudo28:251786,pseudo28,251761,pseudo28,251810,35,15.0,206.86,204.22,2.36,0.28
pseudo28:251791,pseudo28,251766,pseudo28,251815,33,17.0,210.14,207.68,2.2,0.26
pseudo28:1265737,pseudo28,1265712,pseudo28,1265761,1,49.0,352.16,352.06,0.06,0.02
pseudo29:281990,pseudo29,281965,pseudo29,282014,1,49.0,292.6,292.5,0.08,0.0
pseudo29:563139,pseudo29,563114,pseudo29,563163,1,49.0,380.76,380.5,0.08,0.02
pseudo29:1642838,pseudo29,1642813,pseudo29,1642862,1,49.0,290.92,290.84,0.08,0.0
pseudo30:396850,pseudo30,396825,pseudo30,396874,13,37.0,250.12,247.64,1.22,0.46
pseudo30:515676,pseudo30,514373,pseudo30,515700,14,36.0,230.86,220.52,3.58,0.7
pseudo30:933930,pseudo30,933905,pseudo30,933954,34,16.0,287.8,276.08,6.02,2.84
pseudo31:1160584,pseudo31,1160559,pseudo31,1160608,1,49.0,328.9,328.82,0.08,0.0
pseudo32:330331,pseudo32,330306,pseudo32,330355,23,27.0,197.26,192.22,2.54,1.68
